<?xml version="1.0" encoding="UTF-8"?>
<comps>
	<Panel width="500" height="413">
		<VBox x="10" y="10" spacing="6">
			<Label text="源目录和导出目录不能为包含关系"/>
			<HBox>
				<Label text="源目录:"/>
				<InputText id="sourceDir" enabled="false" width="200"/>
				<PushButton id="selectSource" label="选择" event="click:onSelectSource"/>
			</HBox>
			<HBox>
				<Label text="导出目录:"/>
				<InputText id="exportDir" enabled="false" width="200" />
				<PushButton id="selectExport" label="选择" event="click:onSelectExport"/>
			</HBox>
			<HBox>
				<PushButton id="export" label="导出" event="click:onExport"/>
				<CheckBox id="revert" label="还原文档（删除Lang.Get，不能检测嵌套情况，如有嵌套，需再次还原）"></CheckBox>
			</HBox>
			<TextArea id="logs" width="480" height="194"></TextArea>
		</VBox>
	</Panel>
</comps>
